<?xml version="1.0" encoding="UTF-8"?>
<project-private xmlns="http://www.netbeans.org/ns/project-private/1">
    <editor-bookmarks xmlns="http://www.netbeans.org/ns/editor-bookmarks/2" lastBookmarkId="0"/>
    <open-files xmlns="http://www.netbeans.org/ns/projectui-open-files/2">
        <group>
            <file>file:/D:/Web/htdocs/easyapp/app_api.php</file>
            <file>file:/D:/Web/htdocs/easyapp/static/js/app.controllers.js</file>
            <file>file:/D:/Web/htdocs/easyapp/view/database/mongodb.view.html</file>
            <file>file:/D:/Web/htdocs/easyapp/view/readme.view.html</file>
            <file>file:/D:/Web/htdocs/easyapp/classes/Customers.php</file>
            <file>file:/D:/Web/htdocs/easyapp/static/js/app.js</file>
        </group>
    </open-files>
</project-private>
